[
  {
    "path": "/BoothGroup/momentGW",
    "title": "GitHub - BoothGroup/momentGW",
    "count": 30,
    "uniques": 12
  },
  {
    "path": "/BoothGroup/momentGW/pull/3",
    "title": "Update for control of low-rank compression in RIRPA functionality. by cjcscot...",
    "count": 12,
    "uniques": 2
  },
  {
    "path": "/BoothGroup/momentGW/tree/main/examples",
    "title": "momentGW/examples at main · BoothGroup/momentGW · GitHub",
    "count": 10,
    "uniques": 2
  },
  {
    "path": "/BoothGroup/momentGW/pulls",
    "title": "Pull requests · BoothGroup/momentGW",
    "count": 9,
    "uniques": 2
  },
  {
    "path": "/BoothGroup/momentGW/pull/3/files",
    "title": "Update for control of low-rank compression in RIRPA functionality. by cjcscot...",
    "count": 5,
    "uniques": 2
  },
  {
    "path": "/BoothGroup/momentGW/blob/main/examples/10-srg_qsgw.py",
    "title": "momentGW/10-srg_qsgw.py at main · BoothGroup/momentGW · GitHub",
    "count": 4,
    "uniques": 1
  },
  {
    "path": "/BoothGroup/momentGW/tree/main/momentGW",
    "title": "momentGW/momentGW at main · BoothGroup/momentGW · GitHub",
    "count": 3,
    "uniques": 1
  },
  {
    "path": "/BoothGroup/momentGW/blob/60422d39813448eeac2036b603fc90420fe5f53e/momentGW/rpa.py",
    "title": "momentGW/rpa.py at 60422d39813448eeac2036b603fc90420fe5f53e · BoothGroup/mome...",
    "count": 2,
    "uniques": 1
  },
  {
    "path": "/BoothGroup/momentGW/blob/main/benchmark/data.json",
    "title": "momentGW/data.json at main · BoothGroup/momentGW · GitHub",
    "count": 2,
    "uniques": 1
  },
  {
    "path": "/BoothGroup/momentGW/blob/main/examples/11-srg_qsgw_s_parameter.py",
    "title": "momentGW/11-srg_qsgw_s_parameter.py at main · BoothGroup/momentGW · GitHub",
    "count": 2,
    "uniques": 1
  }
]
