{
  "count": 119,
  "uniques": 14,
  "views": [
    {
      "timestamp": "2023-03-29T00:00:00Z",
      "count": 72,
      "uniques": 3
    },
    {
      "timestamp": "2023-03-30T00:00:00Z",
      "count": 13,
      "uniques": 4
    },
    {
      "timestamp": "2023-03-31T00:00:00Z",
      "count": 5,
      "uniques": 3
    },
    {
      "timestamp": "2023-04-01T00:00:00Z",
      "count": 1,
      "uniques": 1
    },
    {
      "timestamp": "2023-04-03T00:00:00Z",
      "count": 1,
      "uniques": 1
    },
    {
      "timestamp": "2023-04-04T00:00:00Z",
      "count": 4,
      "uniques": 2
    },
    {
      "timestamp": "2023-04-05T00:00:00Z",
      "count": 1,
      "uniques": 1
    },
    {
      "timestamp": "2023-04-06T00:00:00Z",
      "count": 3,
      "uniques": 1
    },
    {
      "timestamp": "2023-04-09T00:00:00Z",
      "count": 1,
      "uniques": 1
    },
    {
      "timestamp": "2023-04-11T00:00:00Z",
      "count": 18,
      "uniques": 3
    }
  ]
}
